Data,Produs,Cantitate,Pret,Promotie,Venit,Profit
2024-01-01,Imprimanta,6,47.52451773112971,False,285.14710638677826,85.54413191603348
2024-01-01,Tableta,2,24.391718490769307,False,48.783436981538614,14.635031094461583
2024-01-01,Casti,9,29.582563945101455,False,266.2430755059131,79.87292265177393
2024-01-01,Casti,5,41.02272322533828,False,205.1136161266914,61.534084838007416
2024-01-01,Televizor,6,29.976047409001076,True,179.85628445400647,53.95688533620194
2024-01-02,Mouse,8,34.55256364476847,False,276.42050915814775,82.92615274744432
2024-01-02,Telefon,10,39.8242645675138,True,398.242645675138,119.4727937025414
2024-01-02,Televizor,8,31.01101131475967,True,248.08809051807737,74.42642715542321
2024-01-02,Mouse,4,36.573377422695145,False,146.29350969078058,43.888052907234176
2024-01-02,Televizor,10,29.74634527687533,True,297.4634527687533,89.239035830626
2024-01-02,Televizor,5,44.25847348442679,False,221.29236742213394,66.38771022664018
2024-01-02,Monitor,4,42.92355251491263,False,171.69421005965052,51.50826301789515
2024-01-02,Tableta,10,43.301860892767905,False,433.01860892767905,129.90558267830372
2024-01-02,Tastatura,4,43.44656802406306,False,173.78627209625225,52.13588162887567
2024-01-03,Laptop,4,41.749508773832105,False,166.99803509532842,50.099410528598526
2024-01-03,Imprimanta,8,46.97143022358552,False,375.77144178868417,112.73143253660525
2024-01-03,Televizor,7,33.431011512157966,True,234.01708058510576,70.20512417553172
2024-01-03,Casti,5,36.345046803660125,True,181.72523401830063,54.51757020549019
2024-01-03,Televizor,8,40.54063255591113,False,324.32506044728905,97.29751813418672
2024-01-03,Televizor,3,42.312955189519876,False,126.93886556855963,38.08165967056789
2024-01-04,Televizor,1,29.040948526946774,True,29.040948526946774,8.712284558084033
2024-01-04,Telefon,5,46.86380705005723,False,234.31903525028616,70.29571057508585
2024-01-04,Mouse,9,30.77565232075767,True,276.980870886819,83.09426126604569
2024-01-04,Imprimanta,4,29.794509413296623,False,119.1780376531865,35.75341129595595
2024-01-04,Telefon,2,30.933702287972153,False,61.867404575944306,18.560221372783293
2024-01-04,Tableta,4,32.64438171198711,False,130.57752684794843,39.173258054384526
2024-01-04,Telefon,1,43.977285952430115,False,43.977285952430115,13.193185785729034
2024-01-04,Telefon,2,41.139405888564525,False,82.27881177712905,24.683643533138714
2024-01-04,Mouse,1,45.52388283254214,False,45.52388283254214,13.657164849762642
2024-01-04,Telefon,8,29.265583063446186,True,234.1246645075695,70.23739935227084
2024-01-04,Imprimanta,8,33.01465402289097,True,264.1172321831278,79.23516965493833
2024-01-04,Laptop,7,45.004723151738695,False,315.03306206217087,94.50991861865126
2024-01-04,Tableta,5,37.525227682238096,False,187.62613841119048,56.287841523357145
2024-01-05,Tableta,5,30.68519962964717,True,153.42599814823583,46.02779944447075
2024-01-05,Casti,5,32.39982356071535,False,161.99911780357672,48.599735341073014
2024-01-05,Monitor,8,29.8301883142364,True,238.6415065138912,71.59245195416736
2024-01-05,Imprimanta,7,46.72246509965916,False,327.0572556976141,98.11717670928422
2024-01-05,Camera Foto,5,26.181436614461212,False,130.90718307230605,39.272154921691815
2024-01-05,Monitor,4,34.780311318693485,True,139.12124527477394,41.73637358243218
2024-01-05,Imprimanta,7,33.52150785492658,True,234.65055498448606,70.39516649534582
2024-01-05,Monitor,2,35.246800354425645,False,70.49360070885129,21.148080212655387
2024-01-05,Imprimanta,6,22.74522973191389,True,136.47137839148334,40.941413517445
2024-01-05,Imprimanta,1,40.577036061710956,False,40.577036061710956,12.173110818513287
2024-01-06,Camera Foto,4,34.00648862368126,True,136.02595449472503,40.80778634841751
2024-01-06,Telefon,9,46.70501254315505,False,420.3451128883954,126.10353386651862
2024-01-06,Casti,1,55.97384713353429,False,55.97384713353429,16.792154140060287
2024-01-06,Laptop,9,63.31089972805864,False,569.7980975525277,170.9394292657583
2024-01-06,Tableta,6,34.652220372966376,True,207.91332223779824,62.37399667133947
2024-01-06,Telefon,2,32.08369503974509,False,64.16739007949018,19.250217023847053
2024-01-06,Monitor,4,18.354903803319623,True,73.41961521327849,22.025884563983546
2024-01-06,Mouse,6,33.71335335900055,True,202.2801201540033,60.68403604620099
2024-01-06,Tastatura,4,33.49647123751739,False,133.98588495006956,40.195765485020864
2024-01-06,Camera Foto,2,36.67714191856252,False,73.35428383712504,22.00628515113751
2024-01-06,Casti,7,35.10322560752154,False,245.72257925265075,73.71677377579522
2024-01-06,Casti,7,38.873672908668915,False,272.1157103606824,81.6347131082047
2024-01-07,Laptop,10,30.195153889862013,False,301.95153889862013,90.58546166958604
2024-01-07,Monitor,3,29.776499405443047,False,89.32949821632914,26.79884946489874
2024-01-07,Camera Foto,1,41.38070334177696,False,41.38070334177696,12.414211002533087
2024-01-07,Tableta,2,52.63273005128348,False,105.26546010256696,31.579638030770088
2024-01-07,Monitor,1,33.02394632687,True,33.02394632687,9.907183898061001
2024-01-07,Tableta,9,31.24071471289675,True,281.16643241607073,84.34992972482122
2024-01-07,Telefon,9,33.829287293456275,True,304.4635856411065,91.33907569233195
2024-01-07,Camera Foto,2,40.358411146923686,True,80.71682229384737,24.21504668815421
2024-01-07,Monitor,8,41.75506001091085,False,334.0404800872868,100.21214402618604
2024-01-07,Camera Foto,2,29.370065722664084,True,58.74013144532817,17.62203943359845
2024-01-07,Camera Foto,4,48.850309680479114,False,195.40123872191646,58.620371616574936
2024-01-07,Tastatura,6,43.43005150769291,False,260.5803090461575,78.17409271384724
2024-01-07,Tastatura,8,52.286047935967936,False,418.2883834877435,125.48651504632303
2024-01-07,Telefon,9,33.1727003982202,True,298.5543035839818,89.56629107519453
2024-01-07,Mouse,1,30.204247746236,False,30.204247746236,9.0612743238708
2024-01-08,Mouse,2,43.90811349959411,False,87.81622699918822,26.344868099756464
2024-01-08,Imprimanta,10,28.9013156266651,True,289.013156266651,86.70394687999529
2024-01-08,Mouse,10,29.902892196083453,True,299.0289219608345,89.70867658825036
2024-01-08,Imprimanta,5,48.02206260243683,False,240.11031301218418,72.03309390365526
2024-01-08,Televizor,1,44.30492349603141,False,44.30492349603141,13.291477048809421
2024-01-08,Tastatura,6,50.69918485954195,False,304.1951091572517,91.25853274717551
2024-01-08,Casti,6,38.7639545660008,False,232.5837273960048,69.77511821880144
2024-01-09,Televizor,9,18.25735020967261,True,164.31615188705348,49.294845566116045
2024-01-09,Casti,1,30.958938108512594,True,30.958938108512594,9.287681432553779
2024-01-09,Casti,5,25.2005477640988,True,126.002738820494,37.8008216461482
2024-01-09,Tableta,6,28.611587664857126,True,171.66952598914276,51.50085779674283
2024-01-09,Imprimanta,4,26.38809101972744,True,105.55236407890976,31.665709223672927
2024-01-09,Televizor,2,31.396719652783634,True,62.79343930556727,18.83803179167018
2024-01-09,Mouse,2,20.75053829531756,True,41.50107659063512,12.450322977190536
2024-01-09,Tableta,9,22.61091042949766,True,203.49819386547895,61.049458159643684
2024-01-09,Tastatura,4,57.033976896226385,False,228.13590758490554,68.44077227547166
2024-01-09,Monitor,4,29.700619349807752,False,118.80247739923101,35.6407432197693
2024-01-09,Televizor,10,31.225715372362885,False,312.25715372362885,93.67714611708865
2024-01-09,Monitor,2,54.69530822657051,False,109.39061645314102,32.81718493594231
2024-01-09,Imprimanta,10,63.24053735392326,False,632.4053735392326,189.72161206176978
2024-01-10,Imprimanta,5,33.89554232244186,False,169.4777116122093,50.84331348366279
2024-01-10,Televizor,4,31.100708224132656,False,124.40283289653063,37.320849868959186
2024-01-10,Imprimanta,6,39.62331489976874,True,237.73988939861243,71.32196681958372
2024-01-10,Televizor,10,42.10199380117711,False,421.0199380117711,126.30598140353132
2024-01-10,Telefon,9,43.841147227132886,False,394.57032504419595,118.37109751325877
2024-01-10,Mouse,9,26.043312104206457,False,234.3898089378581,70.31694268135743
2024-01-10,Casti,5,47.41950785246544,False,237.09753926232722,71.12926177869817
2024-01-10,Tastatura,8,43.635362705714904,False,349.08290164571923,104.72487049371577
2024-01-10,Televizor,4,24.89324361974734,True,99.57297447898937,29.871892343696807
2024-01-10,Monitor,7,36.22780154040041,False,253.59461078280285,76.07838323484086
2024-01-10,Monitor,7,42.10973763485216,False,294.76816344396514,88.43044903318953
2024-01-10,Monitor,3,40.419734386849946,False,121.25920316054984,36.377760948164955
2024-01-10,Tableta,3,37.66263051357156,False,112.98789154071467,33.8963674622144
2024-01-10,Telefon,1,39.17209385547231,False,39.17209385547231,11.751628156641694
2024-01-10,Camera Foto,2,37.984180974344916,False,75.96836194868983,22.79050858460695
2024-01-11,Tableta,8,24.458856812064862,True,195.6708544965189,58.70125634895567
2024-01-11,Monitor,2,46.25880273934129,False,92.51760547868258,27.755281643604775
2024-01-11,Televizor,9,30.77983323196698,True,277.0184990877028,83.10554972631084
2024-01-11,Telefon,5,49.369976747738555,False,246.84988373869277,74.05496512160782
2024-01-11,Telefon,6,36.805561527880066,True,220.8333691672804,66.25001075018412
2024-01-11,Imprimanta,5,54.56516926117441,False,272.82584630587206,81.84775389176161
2024-01-11,Tableta,8,45.84619752910916,False,366.7695802328733,110.03087406986198
2024-01-11,Mouse,10,27.423677954774075,False,274.23677954774075,82.27103386432222
2024-01-11,Monitor,8,39.464374616814396,False,315.71499693451517,94.71449908035454
2024-01-11,Tastatura,10,30.623942459241473,False,306.2394245924147,91.87182737772441
2024-01-12,Camera Foto,7,46.77267188674723,False,327.40870320723064,98.22261096216918
2024-01-12,Imprimanta,2,28.345960566260516,True,56.69192113252103,17.00757633975631
2024-01-12,Telefon,6,46.51010951972968,False,279.0606571183781,83.71819713551344
2024-01-12,Casti,10,48.54777244791231,False,485.4777244791231,145.64331734373692
2024-01-12,Monitor,10,33.490419328877884,True,334.90419328877886,100.47125798663366
2024-01-12,Telefon,4,41.87520714158957,False,167.50082856635828,50.250248569907484
2024-01-12,Tastatura,8,42.162745914253804,False,337.30196731403043,101.19059019420912
2024-01-12,Camera Foto,7,26.47459030566796,True,185.32213213967572,55.59663964190271
2024-01-12,Televizor,5,38.819770558077174,False,194.09885279038588,58.22965583711576
2024-01-12,Tastatura,2,38.77981974038113,False,77.55963948076226,23.267891844228675
2024-01-12,Imprimanta,4,34.45372073186237,True,137.81488292744947,41.34446487823484
2024-01-12,Tastatura,7,47.998593975282354,False,335.9901578269765,100.79704734809295
2024-01-12,Imprimanta,10,31.531711344172727,False,315.31711344172726,94.59513403251817
2024-01-12,Mouse,1,38.99992775744338,False,38.99992775744338,11.699978327233014
2024-01-12,Casti,8,51.85164438127178,False,414.81315505017426,124.44394651505228
2024-01-13,Imprimanta,9,41.105931456469456,False,369.9533831082251,110.98601493246754
2024-01-13,Telefon,7,46.08106468300683,False,322.5674527810478,96.77023583431433
2024-01-13,Tastatura,10,41.833690992920545,False,418.33690992920543,125.50107297876163
2024-01-13,Laptop,9,35.392414115849384,True,318.53172704264443,95.55951811279333
2024-01-13,Camera Foto,10,27.49009111763276,True,274.90091117632755,82.47027335289826
2024-01-13,Mouse,3,30.85048695147867,True,92.551460854436,27.7654382563308
2024-01-13,Televizor,3,41.574208773255656,False,124.72262631976696,37.416787895930085
2024-01-13,Tableta,9,46.56422780333935,False,419.07805023005415,125.72341506901624
2024-01-13,Monitor,3,36.850070622203425,False,110.55021186661028,33.16506355998308
2024-01-13,Imprimanta,1,44.169338045856904,False,44.169338045856904,13.25080141375707
2024-01-13,Televizor,7,30.298631731741576,True,212.09042212219103,63.62712663665731
2024-01-13,Mouse,9,39.05966266137496,False,351.5369639523746,105.46108918571238
2024-01-13,Tastatura,10,37.308921868954066,True,373.08921868954064,111.92676560686219
2024-01-14,Mouse,9,20.282202714575806,True,182.53982443118227,54.761947329354676
2024-01-14,Monitor,5,47.42637593254788,False,237.13187966273938,71.1395638988218
2024-01-14,Mouse,10,35.159994297530154,False,351.59994297530153,105.47998289259046
2024-01-14,Imprimanta,2,35.72879809301156,False,71.45759618602312,21.437278855806937
2024-01-14,Telefon,2,31.441980709682483,False,62.883961419364965,18.86518842580949
2024-01-14,Camera Foto,5,34.76573378649955,False,173.82866893249775,52.14860067974932
2024-01-14,Imprimanta,6,43.42312352555934,False,260.53874115335606,78.16162234600681
2024-01-14,Tableta,7,30.788836218007006,True,215.52185352604903,64.65655605781471
2024-01-14,Telefon,5,42.62929601825985,False,213.14648009129925,63.943944027389776
2024-01-14,Mouse,10,42.89537483143075,False,428.9537483143075,128.68612449429224
2024-01-14,Mouse,5,40.452234595380276,True,202.26117297690138,60.67835189307041
2024-01-14,Tableta,2,37.25771079308497,False,74.51542158616994,22.35462647585098
2024-01-14,Mouse,2,28.185137465234146,False,56.37027493046829,16.911082479140486
2024-01-14,Mouse,10,38.830223466060694,True,388.3022346606069,116.49067039818208
2024-01-14,Monitor,2,37.34809462322196,False,74.69618924644392,22.408856773933177
2024-01-15,Telefon,4,37.285932128927875,False,149.1437285157115,44.74311855471345
2024-01-15,Telefon,2,48.51081226187487,False,97.02162452374974,29.10648735712492
2024-01-15,Imprimanta,10,30.864494190860768,False,308.6449419086077,92.5934825725823
2024-01-15,Telefon,9,32.040569999118524,True,288.3651299920667,86.50953899762001
2024-01-15,Tableta,6,48.62511185021333,True,291.75067110128,87.525201330384
2024-01-15,Telefon,8,41.7846379410022,False,334.2771035280176,100.28313105840529
2024-01-15,Tableta,6,41.17257284227951,True,247.03543705367704,74.11063111610311
2024-01-15,Tableta,3,32.58572914030853,True,97.75718742092559,29.327156226277676
2024-01-16,Telefon,9,50.910897838511275,False,458.1980805466015,137.45942416398043
2024-01-16,Laptop,4,47.161479855773486,False,188.64591942309394,56.59377582692818
2024-01-16,Casti,1,34.244158133721676,False,34.244158133721676,10.273247440116503
2024-01-16,Tastatura,7,27.979972351672824,False,195.85980646170978,58.75794193851293
2024-01-16,Imprimanta,3,13.027015437813432,True,39.0810463134403,11.724313894032088
2024-01-16,Laptop,8,35.65203593653892,False,285.2162874923114,85.56488624769341
2024-01-16,Mouse,6,59.36332009797922,False,356.1799205878753,106.8539761763626
2024-01-16,Imprimanta,5,34.78325933736735,True,173.91629668683674,52.174889006051025
2024-01-16,Camera Foto,2,35.52342171160409,False,71.04684342320817,21.31405302696245
2024-01-16,Mouse,8,43.72064167600245,False,349.7651334080196,104.92954002240587
2024-01-16,Casti,2,27.512333176044457,False,55.024666352088914,16.507399905626674
2024-01-16,Televizor,5,30.09713047873514,True,150.4856523936757,45.14569571810271
2024-01-16,Imprimanta,9,32.63665582730073,True,293.72990244570656,88.11897073371196
2024-01-17,Camera Foto,6,35.68982945905805,False,214.13897675434833,64.2416930263045
2024-01-17,Camera Foto,7,49.18250128586851,False,344.2775090010796,103.28325270032387
2024-01-17,Mouse,5,20.845917560796227,False,104.22958780398113,31.26887634119434
2024-01-17,Tableta,7,33.70747379916665,False,235.95231659416655,70.78569497824996
2024-01-17,Monitor,8,26.508254790127182,False,212.06603832101746,63.61981149630523
2024-01-17,Tastatura,8,33.39016426908838,False,267.12131415270704,80.13639424581211
2024-01-17,Monitor,7,41.98132720887155,False,293.8692904621008,88.16078713863024
2024-01-18,Laptop,6,31.741898635377304,False,190.4513918122638,57.13541754367914
2024-01-18,Telefon,7,24.03538055935312,True,168.24766391547183,50.47429917464155
2024-01-18,Casti,7,26.31169719532212,True,184.18188036725485,55.25456411017645
2024-01-18,Camera Foto,4,39.43455694678343,False,157.73822778713372,47.321468336140114
2024-01-18,Laptop,2,42.67436102798172,False,85.34872205596344,25.60461661678903
2024-01-19,Laptop,5,41.518747142699546,False,207.59373571349772,62.278120714049315
2024-01-19,Tastatura,9,28.361420117937687,False,255.25278106143918,76.57583431843175
2024-01-19,Telefon,1,50.689488800097365,False,50.689488800097365,15.206846640029209
2024-01-19,Telefon,2,39.986879904380366,True,79.97375980876073,23.99212794262822
2024-01-19,Mouse,6,37.97986132557628,False,227.87916795345768,68.3637503860373
2024-01-19,Casti,8,42.907634702712585,False,343.2610776217007,102.9783232865102
2024-01-19,Monitor,9,20.720624273601,False,186.485618462409,55.9456855387227
2024-01-19,Tastatura,5,24.59937497430187,True,122.99687487150935,36.8990624614528
2024-01-19,Imprimanta,7,30.119814911026367,True,210.83870437718457,63.251611313155365
2024-01-20,Telefon,5,28.303751120923835,True,141.51875560461917,42.45562668138575
2024-01-20,Imprimanta,8,40.15646218842393,True,321.25169750739144,96.37550925221743
2024-01-20,Camera Foto,8,34.97929970850464,False,279.8343976680371,83.95031930041114
2024-01-20,Casti,7,34.90707773518211,False,244.3495441462748,73.30486324388244
2024-01-20,Televizor,8,35.463242309149,True,283.705938473192,85.1117815419576
2024-01-20,Camera Foto,1,46.103411858695495,False,46.103411858695495,13.831023557608647
2024-01-20,Televizor,9,43.58479491148963,False,392.26315420340666,117.67894626102199
2024-01-20,Casti,8,21.212177168737227,True,169.69741734989782,50.909225204969346
2024-01-20,Laptop,8,44.30427551942601,False,354.43420415540805,106.33026124662241
2024-01-20,Camera Foto,4,31.725535586604806,False,126.90214234641923,38.07064270392576
2024-01-20,Monitor,9,41.88220889270611,False,376.939880034355,113.08196401030649
2024-01-21,Monitor,7,29.40627670112428,True,205.84393690786996,61.75318107236099
2024-01-21,Casti,4,24.505295675038518,False,98.02118270015407,29.40635481004622
2024-01-21,Televizor,5,30.01290255234596,True,150.0645127617298,45.01935382851894
2024-01-21,Telefon,8,37.71021640127465,False,301.6817312101972,90.50451936305916
2024-01-21,Laptop,5,38.48060927182194,False,192.4030463591097,57.72091390773291
2024-01-21,Imprimanta,9,31.092895664625214,False,279.83606098162693,83.95081829448807
2024-01-21,Televizor,6,44.63648913981182,False,267.8189348388709,80.34568045166127
2024-01-22,Mouse,1,33.04762201708174,False,33.04762201708174,9.914286605124522
2024-01-22,Laptop,7,41.419168917095526,False,289.9341824196687,86.9802547259006
2024-01-22,Casti,7,49.700150694652805,False,347.90105486256965,104.37031645877089
2024-01-22,Camera Foto,1,37.409666365707196,False,37.409666365707196,11.222899909712158
2024-01-22,Monitor,3,26.464298806641892,False,79.39289641992568,23.817868925977702
2024-01-22,Casti,9,39.85949738818043,False,358.7354764936239,107.62064294808717
2024-01-22,Laptop,3,32.7806152416599,False,98.3418457249797,29.50255371749391
2024-01-22,Tastatura,3,37.26127249068894,False,111.78381747206681,33.53514524162004
2024-01-22,Tastatura,4,39.34729784251903,False,157.38919137007613,47.21675741102284
2024-01-22,Laptop,2,26.354782271875862,False,52.709564543751725,15.812869363125516
2024-01-22,Mouse,2,21.65978662834766,True,43.31957325669532,12.995871977008596
2024-01-22,Mouse,4,43.8565346842042,False,175.4261387368168,52.627841621045036
2024-01-22,Laptop,9,28.654600344514048,True,257.8914031006264,77.36742093018792
2024-01-22,Monitor,1,19.482045265435463,False,19.482045265435463,5.844613579630638
2024-01-22,Telefon,3,46.27875229286508,False,138.83625687859524,41.65087706357857
2024-01-23,Telefon,2,32.290892445049565,False,64.58178489009913,19.374535467029737
2024-01-23,Camera Foto,1,32.67875107323259,False,32.67875107323259,9.803625321969777
2024-01-23,Casti,3,38.39116276384936,False,115.17348829154807,34.552046487464416
2024-01-23,Tastatura,2,39.122981706625694,True,78.24596341325139,23.473789023975417
2024-01-23,Mouse,5,38.03951479047438,False,190.1975739523719,57.05927218571157
2024-01-23,Camera Foto,9,25.402792190264616,True,228.62512971238155,68.58753891371447
2024-01-23,Camera Foto,2,39.544363670291766,False,79.08872734058353,23.726618202175057
2024-01-23,Imprimanta,1,48.3933889715308,False,48.3933889715308,14.518016691459238
2024-01-23,Tastatura,2,25.75386357686461,True,51.50772715372922,15.452318146118765
2024-01-23,Monitor,6,32.71540092862841,False,196.29240557177047,58.88772167153114
2024-01-23,Mouse,3,44.46839167419379,False,133.40517502258137,40.02155250677441
2024-01-23,Mouse,5,30.582168859322877,True,152.91084429661439,45.873253288984316
2024-01-23,Monitor,1,45.17987752567579,False,45.17987752567579,13.553963257702737
2024-01-24,Televizor,3,42.22514981163702,False,126.67544943491106,38.00263483047332
2024-01-24,Imprimanta,6,33.0119621433927,True,198.0717728603562,59.42153185810685
2024-01-24,Tastatura,7,46.2221391126794,False,323.5549737887558,97.06649213662674
2024-01-24,Tastatura,9,46.45606625555577,False,418.1045963000019,125.43137889000056
2024-01-24,Tableta,5,21.632819235892676,True,108.16409617946337,32.44922885383901
2024-01-24,Mouse,1,22.021851557273155,False,22.021851557273155,6.606555467181947
2024-01-24,Laptop,3,48.013963181212056,False,144.04188954363616,43.21256686309085
2024-01-24,Tastatura,9,49.50180074609549,False,445.51620671485944,133.65486201445782
2024-01-25,Camera Foto,1,45.920113890434685,False,45.920113890434685,13.776034167130405
2024-01-25,Mouse,2,45.09525026697768,False,90.19050053395536,27.057150160186605
2024-01-25,Laptop,8,42.72633126401685,False,341.8106501121348,102.54319503364043
2024-01-25,Imprimanta,6,25.731110962286532,False,154.3866657737192,46.315999732115756
2024-01-25,Televizor,2,32.535174895427566,True,65.07034979085513,19.52110493725654
2024-01-25,Tastatura,10,28.440371463365597,True,284.40371463365597,85.32111439009678
2024-01-25,Laptop,3,29.761272338879834,False,89.2838170166395,26.78514510499185
2024-01-25,Telefon,1,42.763626363525276,True,42.763626363525276,12.829087909057582
2024-01-25,Imprimanta,10,53.831962727085624,False,538.3196272708562,161.49588818125687
2024-01-25,Tastatura,1,50.873764802364896,False,50.873764802364896,15.262129440709469
2024-01-25,Tableta,6,33.6333658678776,True,201.8001952072656,60.54005856217968
2024-01-25,Monitor,10,50.805000967621254,False,508.05000967621254,152.41500290286376
2024-01-25,Monitor,6,32.07714035585169,True,192.46284213511012,57.73885264053303
2024-01-25,Telefon,6,41.62237821518224,False,249.73426929109343,74.92028078732802
2024-01-25,Casti,4,25.001783229043312,True,100.00713291617325,30.002139874851974
2024-01-26,Tableta,10,43.0342402749213,False,430.342402749213,129.1027208247639
2024-01-26,Tableta,6,50.298648892840525,False,301.79189335704314,90.53756800711294
2024-01-26,Tastatura,10,39.03986976218934,True,390.3986976218934,117.11960928656802
2024-01-26,Telefon,1,38.94217074775062,False,38.94217074775062,11.682651224325186
2024-01-26,Telefon,1,30.046352969113045,False,30.046352969113045,9.013905890733913
2024-01-26,Laptop,8,37.447147223912815,False,299.5771777913025,89.87315333739075
2024-01-27,Tastatura,10,24.562691118500563,True,245.62691118500564,73.68807335550169
2024-01-27,Laptop,5,23.066764408235752,False,115.33382204117876,34.600146612353626
2024-01-27,Camera Foto,2,20.084191019247925,True,40.16838203849585,12.050514611548754
2024-01-27,Monitor,8,40.232879572613356,False,321.86303658090685,96.55891097427205
2024-01-27,Tastatura,10,40.24733822426159,False,402.4733822426159,120.74201467278476
2024-01-27,Tableta,7,39.05911315659903,False,273.4137920961932,82.02413762885796
2024-01-27,Tastatura,9,49.713518631428016,False,447.42166768285216,134.22650030485565
2024-01-27,Camera Foto,9,18.617324535176497,False,167.55592081658847,50.26677624497654
2024-01-27,Televizor,8,43.16747099544659,False,345.33976796357274,103.60193038907182
2024-01-27,Camera Foto,6,52.49150561442859,False,314.9490336865715,94.48471010597144
2024-01-28,Telefon,4,37.10533970332527,False,148.42135881330108,44.526407643990325
2024-01-28,Telefon,2,28.865598829432265,True,57.73119765886453,17.319359297659357
2024-01-28,Laptop,4,37.815048703309515,True,151.26019481323806,45.37805844397142
2024-01-28,Casti,7,40.24868470216922,False,281.74079291518456,84.52223787455536
2024-01-28,Mouse,1,42.22860731609445,False,42.22860731609445,12.668582194828334
2024-01-28,Tableta,4,32.08950541993787,True,128.3580216797515,38.507406503925445
2024-01-29,Monitor,1,31.936856403011642,False,31.936856403011642,9.581056920903492
2024-01-29,Camera Foto,2,45.79426141964983,False,91.58852283929966,27.476556851789898
2024-01-29,Tastatura,10,32.40321515734208,True,324.03215157342083,97.20964547202625
2024-01-29,Casti,7,24.864429973504716,False,174.05100981453302,52.215302944359905
2024-01-29,Telefon,10,24.33126847682375,False,243.31268476823752,72.99380543047126
2024-01-29,Mouse,4,39.90144565656551,False,159.60578262626203,47.88173478787861
2024-01-29,Casti,10,30.585809166167333,True,305.8580916616733,91.757427498502
2024-01-29,Casti,6,31.33811127312235,True,188.0286676387341,56.40860029162023
2024-01-29,Monitor,1,31.820912278206606,True,31.820912278206606,9.546273683461981
2024-01-29,Tastatura,5,41.80447871608145,False,209.02239358040725,62.70671807412217
2024-01-30,Laptop,5,22.171890752472837,True,110.85945376236418,33.25783612870925
2024-01-30,Telefon,2,43.11753364256002,False,86.23506728512004,25.870520185536012
2024-01-30,Telefon,3,32.65634037584811,True,97.96902112754432,29.390706338263296
2024-01-30,Imprimanta,9,38.82046008065466,False,349.38414072589194,104.81524221776758
2024-01-30,Imprimanta,8,52.7062088571941,False,421.6496708575528,126.49490125726584
2024-01-30,Monitor,2,28.017872350113805,True,56.03574470022761,16.81072341006828
2024-01-31,Imprimanta,2,33.06395794941259,False,66.12791589882518,19.838374769647555
2024-01-31,Tastatura,4,40.953806889019134,False,163.81522755607654,49.14456826682296
2024-01-31,Televizor,6,35.4284062464261,False,212.57043747855658,63.77113124356697
2024-01-31,Telefon,10,38.67073726440214,False,386.7073726440214,116.01221179320642
2024-01-31,Televizor,3,44.045919233305916,True,132.13775769991776,39.641327309975324
2024-01-31,Imprimanta,2,38.642241628636974,False,77.28448325727395,23.185344977182183
2024-01-31,Laptop,3,43.31033853752171,False,129.93101561256512,38.979304683769534
2024-01-31,Telefon,9,38.14184536060612,False,343.27660824545507,102.98298247363651
2024-01-31,Telefon,1,40.60570630365467,False,40.60570630365467,12.1817118910964
2024-01-31,Imprimanta,4,32.03850675479086,True,128.15402701916344,38.44620810574903
2024-01-31,Monitor,2,43.58659252778528,False,87.17318505557056,26.151955516671165
2024-01-31,Laptop,2,49.322460284377414,False,98.64492056875483,29.593476170626445
2024-01-31,Monitor,10,42.54332158466131,True,425.43321584661305,127.62996475398391
2024-01-31,Monitor,1,42.47696065527334,False,42.47696065527334,12.743088196582
2024-02-01,Mouse,4,52.93499518798886,False,211.73998075195544,63.52199422558663
2024-02-01,Imprimanta,5,41.04821692954736,False,205.24108464773678,61.572325394321034
2024-02-01,Tableta,8,31.98124815447359,False,255.84998523578872,76.75499557073661
2024-02-01,Tableta,2,39.12218038644568,False,78.24436077289135,23.473308231867406
2024-02-01,Mouse,5,39.71511411047927,False,198.57557055239636,59.5726711657189
2024-02-01,Imprimanta,2,29.08206678238748,False,58.16413356477496,17.449240069432488
2024-02-01,Tableta,8,37.95334342927341,False,303.6267474341873,91.08802423025618
2024-02-01,Imprimanta,7,34.06246324802051,False,238.43724273614356,71.53117282084307
2024-02-02,Camera Foto,6,28.765847215274007,False,172.59508329164404,51.77852498749321
2024-02-02,Telefon,6,34.11865699197565,True,204.71194195185387,61.413582585556156
2024-02-02,Laptop,8,30.063233539389145,True,240.50586831511316,72.15176049453395
2024-02-02,Telefon,10,36.13767873020284,False,361.37678730202845,108.41303619060854
2024-02-02,Tastatura,4,46.96444487535781,False,187.85777950143125,56.35733385042938
2024-02-02,Mouse,5,51.83419608539384,False,259.1709804269692,77.75129412809076
2024-02-02,Tableta,2,43.4839683494423,True,86.9679366988846,26.09038100966538
2024-02-02,Camera Foto,7,50.51846297204724,False,353.62924080433066,106.0887722412992
2024-02-02,Televizor,5,31.297701237566827,True,156.48850618783413,46.94655185635024
2024-02-02,Telefon,4,42.821761304210746,False,171.28704521684298,51.386113565052895
2024-02-02,Mouse,7,46.13458297427395,False,322.94208081991763,96.8826242459753
2024-02-03,Imprimanta,2,44.95761572385983,False,89.91523144771966,26.9745694343159
2024-02-03,Monitor,4,34.175202311633306,True,136.70080924653323,41.010242773959966
2024-02-03,Camera Foto,7,42.52838296515429,False,297.6986807560801,89.30960422682402
2024-02-03,Tableta,1,43.27862765862954,False,43.27862765862954,12.983588297588861
2024-02-03,Tastatura,4,44.929077344017905,False,179.71630937607162,53.914892812821485
2024-02-03,Tastatura,8,23.136373265780456,False,185.09098612624365,55.52729583787309
2024-02-03,Televizor,10,37.08449398188431,False,370.84493981884305,111.25348194565291
2024-02-03,Monitor,6,22.55831948408421,False,135.34991690450525,40.604975071351575
2024-02-03,Imprimanta,4,40.288479414382365,False,161.15391765752946,48.34617529725884
2024-02-04,Telefon,9,43.500097988958956,False,391.5008819006306,117.45026457018918
2024-02-04,Imprimanta,3,24.05276461517829,True,72.15829384553487,21.64748815366046
2024-02-04,Casti,9,38.36745132448921,False,345.3070619204029,103.59211857612085
2024-02-04,Casti,6,40.87718203659207,False,245.2630922195524,73.57892766586572
2024-02-04,Tableta,2,47.64883292837707,True,95.29766585675414,28.58929975702624
2024-02-04,Televizor,4,23.18517980466965,True,92.7407192186786,27.82221576560358
2024-02-04,Laptop,1,51.77611653192107,False,51.77611653192107,15.53283495957632
2024-02-04,Televizor,1,41.19873931189824,False,41.19873931189824,12.35962179356947
2024-02-04,Monitor,4,43.289375344127706,False,173.15750137651082,51.947250412953245
2024-02-04,Casti,5,40.94678330710563,False,204.73391653552818,61.42017496065845
2024-02-04,Camera Foto,8,34.84625163644949,True,278.7700130915959,83.63100392747877
2024-02-04,Camera Foto,2,31.016415332083085,True,62.03283066416617,18.60984919924985
2024-02-04,Camera Foto,9,51.63240145165967,False,464.69161306493703,139.4074839194811
2024-02-04,Laptop,3,29.07858467696178,True,87.23575403088533,26.1707262092656
2024-02-05,Casti,8,27.65099837982335,False,221.2079870385868,66.36239611157603
2024-02-05,Televizor,7,36.18076725299985,True,253.26537077099894,75.97961123129969
2024-02-05,Monitor,1,37.786399279314296,False,37.786399279314296,11.335919783794289
2024-02-05,Tableta,10,35.23128880275067,False,352.3128880275067,105.693866408252
2024-02-05,Casti,1,40.06804501378523,False,40.06804501378523,12.020413504135568
2024-02-05,Tastatura,10,46.35945802332502,False,463.5945802332502,139.07837406997507
2024-02-06,Casti,4,36.48462820390135,True,145.9385128156054,43.78155384468162
2024-02-06,Monitor,8,29.15348823098757,False,233.22790584790056,69.96837175437017
2024-02-06,Mouse,9,26.91456348719965,True,242.23107138479685,72.66932141543906
2024-02-06,Laptop,2,40.34281643397176,True,80.68563286794353,24.205689860383057
2024-02-06,Tableta,5,46.72176130155358,False,233.6088065077679,70.08264195233036
2024-02-06,Imprimanta,3,41.51934905398952,True,124.55804716196857,37.36741414859057
2024-02-07,Telefon,4,31.369945585229573,True,125.47978234091829,37.64393470227549
2024-02-07,Mouse,4,38.0488311185813,False,152.1953244743252,45.658597342297554
2024-02-07,Monitor,5,23.220392339118867,False,116.10196169559433,34.8305885086783
2024-02-07,Mouse,3,32.84634118416418,False,98.53902355249255,29.561707065747765
2024-02-07,Mouse,7,30.316330083479343,True,212.21431058435542,63.664293175306625
2024-02-07,Casti,3,34.51317859058686,False,103.53953577176058,31.061860731528174
2024-02-07,Televizor,7,51.05366074702238,False,357.37562522915664,107.21268756874699
2024-02-07,Imprimanta,8,38.68049779683025,False,309.443982374642,92.8331947123926
2024-02-07,Mouse,10,50.30755399454602,False,503.0755399454602,150.92266198363805
2024-02-07,Mouse,2,40.49363707240295,False,80.9872741448059,24.296182243441766
2024-02-07,Laptop,8,40.297822691372616,False,322.38258153098093,96.71477445929428
2024-02-07,Tableta,1,31.431702734639995,True,31.431702734639995,9.429510820391998
2024-02-07,Imprimanta,4,32.02429601037734,True,128.09718404150937,38.429155212452805
2024-02-07,Televizor,2,53.75036002439887,False,107.50072004879775,32.25021601463932
2024-02-08,Monitor,1,24.64509441799492,True,24.64509441799492,7.393528325398475
2024-02-08,Monitor,3,19.787965355358295,True,59.36389606607489,17.809168819822464
2024-02-08,Imprimanta,6,39.064958508731806,False,234.38975105239084,70.31692531571724
2024-02-08,Mouse,9,25.61374730723824,True,230.52372576514415,69.15711772954324
2024-02-08,Telefon,8,39.32119574670392,False,314.56956597363137,94.37086979208941
2024-02-08,Imprimanta,7,21.75868256612175,True,152.31077796285223,45.69323338885567
2024-02-08,Telefon,8,27.123363466814354,True,216.98690773451483,65.09607232035445
2024-02-08,Laptop,2,32.95121340993812,True,65.90242681987624,19.770728045962873
2024-02-08,Televizor,9,42.9296767822715,False,386.3670910404435,115.91012731213304
2024-02-08,Laptop,9,34.671820535948896,True,312.04638482354005,93.61391544706201
2024-02-08,Imprimanta,1,23.548870501394962,True,23.548870501394962,7.064661150418488
2024-02-08,Casti,5,46.837485841084494,False,234.18742920542246,70.25622876162673
2024-02-08,Mouse,9,33.5983064271852,False,302.3847578446668,90.71542735340005
2024-02-08,Telefon,5,45.062863316858454,False,225.31431658429227,67.59429497528768
2024-02-08,Mouse,9,31.931912469643567,True,287.3872122267921,86.21616366803762
2024-02-09,Telefon,2,20.412040448125477,True,40.824080896250955,12.247224268875286
2024-02-09,Laptop,9,22.00172977638714,False,198.01556798748427,59.40467039624528
2024-02-09,Laptop,10,24.349702564492144,True,243.49702564492145,73.04910769347643
2024-02-09,Monitor,4,40.479716348042444,True,161.91886539216978,48.575659617650935
2024-02-09,Camera Foto,5,39.644510658365164,False,198.22255329182582,59.466765987547745
2024-02-09,Tableta,6,50.32451009856939,False,301.94706059141635,90.5841181774249
2024-02-09,Casti,5,43.287860615207,False,216.439303076035,64.93179092281049
2024-02-09,Monitor,3,46.260470605721274,False,138.78141181716381,41.63442354514914
2024-02-09,Televizor,10,32.7928240375634,False,327.928240375634,98.3784721126902
2024-02-09,Televizor,10,44.191607633541366,False,441.91607633541366,132.5748229006241
2024-02-09,Mouse,4,45.829713872594766,False,183.31885549037906,54.99565664711372
2024-02-09,Camera Foto,9,35.38682166213046,False,318.4813949591741,95.54441848775222
2024-02-09,Tableta,4,44.47632296492933,False,177.90529185971732,53.3715875579152
2024-02-09,Mouse,8,44.52950206859866,False,356.2360165487893,106.87080496463678
2024-02-09,Imprimanta,6,35.60357903095934,False,213.62147418575603,64.08644225572681
2024-02-10,Telefon,10,36.142140170376635,False,361.4214017037664,108.4264205111299
2024-02-10,Laptop,6,47.994690659795914,False,287.9681439587755,86.39044318763264
2024-02-10,Casti,10,32.623445842929804,True,326.23445842929806,97.87033752878942
2024-02-10,Monitor,1,46.366224077953866,False,46.366224077953866,13.90986722338616
2024-02-10,Tableta,7,36.422738741360426,False,254.95917118952298,76.48775135685689
2024-02-10,Laptop,1,39.603529299587336,False,39.603529299587336,11.881058789876201
2024-02-10,Telefon,10,39.07600896560852,False,390.76008965608526,117.22802689682557
2024-02-10,Laptop,7,33.3115430812337,False,233.1808015686359,69.95424047059076
2024-02-10,Laptop,10,36.23732182132322,True,362.37321821323224,108.71196546396966
2024-02-10,Camera Foto,6,36.16159363570153,True,216.96956181420916,65.09086854426275
2024-02-10,Laptop,1,44.748437559244536,False,44.748437559244536,13.42453126777336
2024-02-10,Mouse,1,52.29572523134116,False,52.29572523134116,15.688717569402346
2024-02-10,Laptop,4,51.59475840989043,False,206.37903363956173,61.913710091868516
2024-02-10,Telefon,8,37.00044248120692,False,296.00353984965534,88.8010619548966
2024-02-10,Mouse,2,42.984418547473425,False,85.96883709494685,25.790651128484054
2024-02-11,Imprimanta,10,36.82467244757557,True,368.24672447575574,110.47401734272673
2024-02-11,Televizor,6,37.9911792957047,False,227.94707577422818,68.38412273226845
2024-02-11,Televizor,6,20.154331920123667,False,120.925991520742,36.2777974562226
2024-02-11,Tastatura,5,25.622920793584708,True,128.11460396792353,38.43438119037706
2024-02-11,Camera Foto,5,39.89057237825726,True,199.45286189128632,59.83585856738589
2024-02-11,Telefon,7,14.220836603337137,True,99.54585622335996,29.863756867007986
2024-02-11,Camera Foto,6,37.21981270245185,False,223.31887621471108,66.99566286441332
2024-02-11,Televizor,2,24.447995017809543,True,48.895990035619086,14.668797010685726
2024-02-11,Telefon,7,46.43656241267869,False,325.0559368887508,97.51678106662524
2024-02-11,Laptop,7,34.59908838285231,False,242.19361867996616,72.65808560398985
2024-02-11,Tastatura,2,43.23163216588489,False,86.46326433176978,25.93897929953093
2024-02-11,Tastatura,4,44.523683353352745,False,178.09473341341098,53.42842002402329
2024-02-11,Laptop,8,43.75184537427213,True,350.01476299417703,105.00442889825311
2024-02-11,Televizor,7,38.37646445059704,False,268.6352511541793,80.59057534625379
2024-02-12,Televizor,10,42.614747763104184,False,426.14747763104185,127.84424328931254
2024-02-12,Televizor,1,34.1417169487834,False,34.1417169487834,10.242515084635018
2024-02-12,Tableta,2,47.327442418236785,False,94.65488483647357,28.39646545094207
2024-02-12,Laptop,10,39.12683878750932,False,391.2683878750932,117.38051636252796
2024-02-12,Casti,3,37.97694842945735,False,113.93084528837205,34.179253586511614
2024-02-12,Tastatura,4,35.59854638025276,True,142.39418552101105,42.71825565630331
2024-02-12,Casti,8,29.66494185414648,False,237.31953483317184,71.19586044995155
2024-02-12,Laptop,2,42.82101763133738,False,85.64203526267475,25.692610578802427
2024-02-12,Mouse,6,55.30363846185402,False,331.82183077112416,99.54654923133724
2024-02-12,Monitor,3,43.72942129757848,False,131.18826389273545,39.35647916782063
2024-02-12,Telefon,2,36.990303169732286,False,73.98060633946457,22.19418190183937
2024-02-12,Laptop,10,35.94315775657407,False,359.43157756574067,107.8294732697222
2024-02-12,Camera Foto,2,36.71728021323913,False,73.43456042647826,22.030368127943476
2024-02-12,Casti,1,37.96829857561775,False,37.96829857561775,11.390489572685325
2024-02-12,Camera Foto,7,36.977547737933826,False,258.8428341655368,77.65285024966103
2024-02-13,Monitor,2,51.81914907336028,False,103.63829814672056,31.091489444016165
2024-02-13,Laptop,6,35.6595374391054,False,213.95722463463238,64.18716739038972
2024-02-13,Tastatura,4,43.697699912085,False,174.79079964834,52.437239894502
2024-02-13,Laptop,10,20.024204057209683,True,200.24204057209684,60.072612171629046
2024-02-13,Tastatura,3,43.918832392927236,True,131.7564971787817,39.52694915363451
2024-02-13,Mouse,6,44.821219570451994,False,268.92731742271195,80.67819522681359
2024-02-13,Imprimanta,7,38.54000125879791,False,269.78000881158533,80.9340026434756
2024-02-13,Mouse,7,44.60437207999916,False,312.2306045599941,93.66918136799823
2024-02-13,Telefon,8,28.721444568417517,False,229.77155654734014,68.93146696420204
2024-02-13,Imprimanta,3,49.46024593402126,False,148.38073780206378,44.51422134061913
2024-02-13,Imprimanta,6,29.92649743682285,True,179.5589846209371,53.867695386281135
2024-02-13,Casti,9,38.36744387961252,False,345.30699491651274,103.59209847495381
2024-02-13,Tastatura,9,36.066755080276124,False,324.60079572248515,97.38023871674554
2024-02-13,Camera Foto,7,35.35478877803532,False,247.48352144624724,74.24505643387417
2024-02-14,Casti,2,37.83257495873754,False,75.66514991747508,22.69954497524252
2024-02-14,Televizor,10,32.568086662955366,False,325.68086662955363,97.70425998886608
2024-02-14,Monitor,5,26.44356204389901,True,132.21781021949505,39.66534306584851
2024-02-14,Imprimanta,3,26.916294012337136,False,80.74888203701141,24.224664611103425
2024-02-14,Imprimanta,10,33.51647111389408,True,335.1647111389408,100.54941334168224
2024-02-14,Camera Foto,1,39.33240973418725,False,39.33240973418725,11.799722920256174
2024-02-15,Tableta,8,37.395639907843744,False,299.16511926274995,89.74953577882498
2024-02-15,Mouse,7,44.07918598781229,False,308.554301914686,92.5662905744058
2024-02-15,Telefon,10,39.15820692599303,False,391.5820692599303,117.47462077797908
2024-02-15,Camera Foto,10,29.470437471977785,True,294.70437471977783,88.41131241593335
2024-02-15,Mouse,8,51.737450005672336,False,413.8996000453787,124.16988001361361
2024-02-15,Casti,4,31.269056692621845,True,125.07622677048738,37.52286803114621
2024-02-15,Casti,6,46.717370195438846,True,280.3042211726331,84.09126635178993
2024-02-15,Televizor,5,40.72594051001738,False,203.6297025500869,61.08891076502607
2024-02-15,Monitor,7,54.28254715379782,False,379.9778300765847,113.99334902297541
2024-02-15,Casti,9,42.858555381685015,False,385.7269984351651,115.71809953054952
2024-02-16,Monitor,5,40.916675496191026,False,204.58337748095514,61.375013244286535
2024-02-16,Telefon,5,34.111638647406494,True,170.55819323703247,51.16745797110974
2024-02-16,Tastatura,3,46.220876242228286,False,138.66262872668486,41.59878861800546
2024-02-16,Mouse,8,33.52410944885787,False,268.19287559086297,80.45786267725889
2024-02-16,Camera Foto,6,37.61957490501248,True,225.71744943007485,67.71523482902245
2024-02-16,Televizor,8,29.01597586491569,False,232.1278069193255,69.63834207579765
2024-02-16,Tastatura,2,42.626943782652305,False,85.25388756530461,25.576166269591383
2024-02-16,Monitor,9,33.1439421650325,True,298.2954794852925,89.48864384558775
2024-02-16,Tastatura,3,28.055724235570512,True,84.16717270671154,25.25015181201346
2024-02-16,Laptop,5,39.818517797394826,False,199.09258898697414,59.727776696092235
2024-02-16,Monitor,5,35.019678778675576,False,175.09839389337787,52.52951816801336
2024-02-16,Laptop,9,31.426389385106045,False,282.8375044659544,84.85125133978632
2024-02-16,Telefon,3,29.736865653672677,True,89.21059696101803,26.763179088305407
2024-02-17,Telefon,7,24.52375411429506,False,171.6662788000654,51.499883640019625
2024-02-17,Imprimanta,8,29.855888665248024,False,238.8471093219842,71.65413279659525
2024-02-17,Mouse,1,18.002591842955397,False,18.002591842955397,5.400777552886619
2024-02-17,Camera Foto,8,38.126995701736696,False,305.01596561389357,91.50478968416807
2024-02-17,Laptop,1,38.492926981884935,False,38.492926981884935,11.54787809456548
2024-02-17,Casti,6,29.28343865739586,True,175.70063194437515,52.71018958331254
2024-02-17,Tableta,5,38.90482584979033,True,194.52412924895162,58.357238774685484
2024-02-18,Imprimanta,10,30.330241132794562,True,303.3024113279456,90.99072339838368
2024-02-18,Mouse,6,46.71938084106238,False,280.3162850463743,84.09488551391227
2024-02-18,Televizor,7,41.89564310975397,False,293.2695017682778,87.98085053048334
2024-02-18,Imprimanta,3,39.16033475199862,False,117.48100425599586,35.24430127679876
2024-02-18,Camera Foto,3,50.91080259946152,False,152.73240779838454,45.81972233951536
2024-02-18,Tableta,2,30.485383522227842,True,60.970767044455684,18.291230113336706
2024-02-18,Televizor,3,20.60327611159379,True,61.80982833478137,18.54294850043441
2024-02-19,Monitor,2,33.4673991403554,False,66.9347982807108,20.080439484213237
2024-02-19,Televizor,10,30.825343342660474,False,308.2534334266047,92.47603002798141
2024-02-19,Camera Foto,5,32.478230328594265,False,162.39115164297132,48.7173454928914
2024-02-19,Monitor,7,27.93719575058268,True,195.56037025407878,58.66811107622363
2024-02-19,Camera Foto,3,24.553767681329465,True,73.6613030439884,22.098390913196518
2024-02-19,Camera Foto,8,41.296476472502995,False,330.37181178002396,99.11154353400718
2024-02-19,Imprimanta,8,45.83772539026967,False,366.70180312215734,110.0105409366472
2024-02-20,Mouse,4,47.5421264098022,False,190.1685056392088,57.05055169176264
2024-02-20,Monitor,10,32.12004057820447,False,321.20040578204464,96.36012173461339
2024-02-20,Monitor,1,29.084621791978044,True,29.084621791978044,8.725386537593414
2024-02-20,Televizor,5,23.126769579070768,True,115.63384789535384,34.69015436860615
2024-02-20,Telefon,5,22.976193900263198,True,114.88096950131599,34.4642908503948
2024-02-20,Imprimanta,2,30.887438719394453,True,61.774877438788906,18.532463231636672
2024-02-20,Televizor,3,34.16338244691483,False,102.4901473407445,30.74704420222335
2024-02-20,Imprimanta,2,43.02376798395759,False,86.04753596791518,25.814260790374554
2024-02-20,Mouse,2,34.89624588146939,True,69.79249176293878,20.937747528881633
2024-02-20,Tastatura,5,42.56679717059686,False,212.83398585298428,63.850195755895285
2024-02-20,Laptop,5,41.90880632742755,False,209.54403163713775,62.86320949114132
2024-02-20,Laptop,3,42.09771651156407,True,126.29314953469222,37.887944860407664
2024-02-20,Imprimanta,3,25.167399878112732,True,75.5021996343382,22.65065989030146
2024-02-20,Tastatura,2,39.56052107037666,False,79.12104214075332,23.736312642225993
2024-02-21,Casti,1,48.62274684596146,False,48.62274684596146,14.586824053788437
2024-02-21,Imprimanta,2,30.240994041267825,False,60.48198808253565,18.144596424760696
2024-02-21,Tastatura,8,33.353840947157316,False,266.83072757725853,80.04921827317756
2024-02-21,Monitor,7,41.167506353158196,False,288.17254447210735,86.4517633416322
2024-02-21,Laptop,3,31.890957508240234,True,95.6728725247207,28.70186175741621
2024-02-21,Camera Foto,5,42.264548704079914,False,211.32274352039957,63.39682305611987
2024-02-21,Tableta,2,48.67612128743973,False,97.35224257487945,29.205672772463835
2024-02-21,Televizor,10,25.87823747757721,False,258.7823747757721,77.63471243273163
2024-02-21,Monitor,3,38.23244205899078,True,114.69732617697233,34.4091978530917
2024-02-21,Televizor,4,40.066255279663416,False,160.26502111865366,48.0795063355961
2024-02-21,Mouse,6,38.36974511100362,False,230.2184706660217,69.0655411998065
2024-02-21,Monitor,7,28.231078124920877,False,197.61754687444613,59.28526406233384
2024-02-21,Telefon,6,44.02438934701492,False,264.14633608208953,79.24390082462686
2024-02-22,Camera Foto,5,49.53111712233132,False,247.6555856116566,74.29667568349697
2024-02-22,Laptop,7,34.430303587360804,False,241.01212511152562,72.30363753345769
2024-02-22,Laptop,4,41.79173942698758,False,167.16695770795033,50.1500873123851
2024-02-22,Laptop,7,40.0159948513207,False,280.1119639592449,84.03358918777347
2024-02-22,Tableta,10,42.25564693915326,False,422.5564693915326,126.76694081745977
2024-02-22,Tableta,5,34.41055651212136,False,172.0527825606068,51.61583476818204
2024-02-23,Camera Foto,4,35.69347037710736,False,142.77388150842944,42.83216445252883
2024-02-23,Mouse,10,33.586864389452,True,335.86864389452,100.760593168356
2024-02-23,Casti,5,38.86883598284958,False,194.34417991424792,58.30325397427437
2024-02-23,Monitor,8,46.98445280074195,False,375.8756224059356,112.76268672178067
2024-02-23,Camera Foto,2,35.72150929425154,False,71.44301858850308,21.432905576550922
2024-02-23,Imprimanta,7,27.41977399998047,False,191.9384179998633,57.58152539995899
2024-02-23,Laptop,4,23.155526199272753,True,92.62210479709101,27.7866314391273
2024-02-23,Telefon,8,35.74498004845794,False,285.9598403876635,85.78795211629905
2024-02-23,Tableta,10,30.00752023457558,False,300.07520234575577,90.02256070372673
2024-02-23,Casti,6,43.28169612543641,False,259.69017675261847,77.90705302578554
2024-02-23,Casti,2,36.273854681135376,False,72.54770936227075,21.764312808681225
2024-02-23,Mouse,5,47.19748192016917,True,235.98740960084584,70.79622288025375
2024-02-23,Casti,2,20.878626591122355,True,41.75725318224471,12.527175954673412
2024-02-23,Laptop,5,33.303252343742734,True,166.51626171871368,49.954878515614105
2024-02-24,Tastatura,5,40.78083193996352,False,203.9041596998176,61.17124790994528
2024-02-24,Laptop,6,25.980606620792216,True,155.8836397247533,46.765091917425984
2024-02-24,Mouse,10,35.76582154640086,False,357.65821546400855,107.29746463920256
2024-02-24,Mouse,8,32.46896201334846,True,259.7516961067877,77.9255088320363
2024-02-24,Camera Foto,5,32.240148686973434,True,161.20074343486718,48.360223030460155
2024-02-24,Mouse,5,31.41842605039384,True,157.0921302519692,47.12763907559076
2024-02-24,Mouse,8,39.753339887326526,False,318.0267190986122,95.40801572958365
2024-02-25,Tableta,4,34.00844172868558,True,136.03376691474233,40.810130074422695
2024-02-25,Laptop,6,36.066020642158925,False,216.39612385295356,64.91883715588607
2024-02-25,Camera Foto,3,47.14284653058364,False,141.4285395917509,42.42856187752527
2024-02-25,Tableta,7,33.803919507892836,False,236.62743655524986,70.98823096657496
2024-02-25,Tableta,5,28.038742063415278,True,140.19371031707638,42.05811309512291
2024-02-25,Televizor,7,34.74903285161513,False,243.24322996130587,72.97296898839176
2024-02-25,Televizor,2,35.47489001315969,False,70.94978002631937,21.28493400789581
2024-02-25,Mouse,7,39.03482595550601,True,273.2437816885421,81.97313450656262
2024-02-26,Monitor,6,53.64873406502112,False,321.89240439012667,96.56772131703799
2024-02-26,Laptop,2,39.16480435713867,True,78.32960871427734,23.4988826142832
2024-02-26,Casti,5,42.3753269658889,False,211.87663482944453,63.562990448833354
2024-02-26,Televizor,3,23.38046368781078,True,70.14139106343234,21.0424173190297
2024-02-26,Imprimanta,2,41.68533502179696,False,83.37067004359392,25.011201013078175
2024-02-26,Imprimanta,1,31.02855163186196,False,31.02855163186196,9.308565489558587
2024-02-26,Monitor,6,51.69884210778689,False,310.1930526467213,93.05791579401638
2024-02-26,Televizor,1,46.47355785482538,False,46.47355785482538,13.942067356447614
2024-02-26,Televizor,7,40.76351230790189,False,285.3445861553132,85.60337584659396
2024-02-26,Casti,5,16.40719575521714,True,82.0359787760857,24.610793632825708
2024-02-26,Telefon,4,32.13267217072776,False,128.53068868291103,38.55920660487331
2024-02-26,Mouse,8,45.50208905279898,False,364.01671242239183,109.20501372671755
2024-02-26,Imprimanta,6,49.703069533785246,False,298.21841720271146,89.46552516081344
2024-02-26,Camera Foto,8,48.873358491937054,False,390.98686793549643,117.29606038064892
2024-02-26,Casti,8,27.263895982068355,False,218.11116785654684,65.43335035696406
2024-02-27,Televizor,3,41.36141554553546,False,124.08424663660637,37.22527399098191
2024-02-27,Monitor,4,29.04238671889635,True,116.1695468755854,34.85086406267562
2024-02-27,Imprimanta,7,45.31482939391945,False,317.20380575743616,95.16114172723084
2024-02-27,Monitor,8,47.46111074392896,False,379.6888859514317,113.90666578542951
2024-02-27,Laptop,9,43.87185835161222,False,394.84672516450996,118.45401754935298
2024-02-28,Casti,10,44.629293070521335,False,446.29293070521334,133.88787921156398
2024-02-28,Monitor,4,32.56296253651842,True,130.25185014607368,39.0755550438221
2024-02-28,Camera Foto,2,41.75667941743956,False,83.51335883487911,25.054007650463735
2024-02-28,Casti,2,37.930352786514156,False,75.86070557302831,22.758211671908494
2024-02-28,Camera Foto,3,51.82623148572847,False,155.4786944571854,46.64360833715562
2024-02-28,Camera Foto,7,26.23557002423887,True,183.6489901696721,55.09469705090162
2024-02-28,Camera Foto,9,35.301433897889765,False,317.7129050810079,95.31387152430236
2024-02-28,Telefon,3,40.0878841082202,False,120.2636523246606,36.07909569739818
2024-02-28,Imprimanta,7,37.62530577728571,True,263.377140441,79.01314213229999
2024-02-28,Camera Foto,1,22.416811711394967,True,22.416811711394967,6.72504351341849
2024-02-28,Monitor,1,29.517626001876486,False,29.517626001876486,8.855287800562946
2024-02-28,Mouse,1,23.698171938122258,False,23.698171938122258,7.109451581436677
2024-02-28,Laptop,10,32.20924944162093,True,322.0924944162093,96.6277483248628
2024-02-28,Tableta,6,24.84284276987812,True,149.05705661926874,44.71711698578062
2024-02-28,Telefon,9,36.92359911985667,False,332.31239207871,99.693717623613
2024-02-29,Tastatura,10,25.37283750846798,False,253.7283750846798,76.11851252540394
2024-02-29,Imprimanta,8,36.67090424969939,True,293.3672339975951,88.01017019927853
2024-02-29,Tastatura,1,54.47131633666217,False,54.47131633666217,16.34139490099865
2024-02-29,Telefon,2,51.40263154776245,False,102.8052630955249,30.841578928657466
2024-02-29,Camera Foto,4,26.991324090987867,False,107.96529636395147,32.38958890918544
